{
	"body":
	{
		"type": "f_srt_unw"
	},
	"face":
	{
		"freckles":
		{
			"option": "Freckles1",
			"density": 0.5,
			"saturation": 0.5,
			"strength": 0.24534569680690765,
			"toneShift": 0.5
		},
		"accents":
		{
			"scalp":
			{
				"redness": 0,
				"saturation": 0,
				"lightness": 0
			},
			"forehead":
			{
				"redness": 0,
				"saturation": 0,
				"lightness": 0
			},
			"nose":
			{
				"redness": 0,
				"saturation": 0,
				"lightness": 0
			},
			"underEye":
			{
				"redness": 0,
				"saturation": 0,
				"lightness": 0
			},
			"cheeks":
			{
				"redness": 0,
				"saturation": 0,
				"lightness": 0
			},
			"lips":
			{
				"redness": 0,
				"saturation": 0,
				"lightness": 0
			},
			"chin":
			{
				"redness": 0,
				"saturation": 0,
				"lightness": 0
			},
			"ears":
			{
				"redness": 0,
				"saturation": 0,
				"lightness": 0
			}
		},
		"leftEye":
		{
			"iris":
			{
				"option": "005",
				"color1UI":
				{
					"x": 0.15000000596046448,
					"y": 0.38999998569488525
				},
				"color1":
				{
					"r": 0.0423114113509655,
					"g": 0.054480277001857758,
					"b": 0.078187420964241028,
					"a": 1
				},
				"color2UI":
				{
					"x": 0.14000000059604645,
					"y": 0.79000002145767212
				},
				"color2":
				{
					"r": 0.10461648553609848,
					"g": 0.11953842639923096,
					"b": 0.14995978772640228,
					"a": 1
				},
				"bUseRadialBlend": true,
				"colorBalance": 1,
				"colorBalanceSmoothness": 0.10999999940395355,
				"size": 0.5,
				"saturation": 0.20999999344348907,
				"limbusDarkAmount": 0.05000000074505806
			},
			"sclera":
			{
				"tintUI":
				{
					"x": 0.19910170137882233,
					"y": 0.49166646599769592
				},
				"tint":
				{
					"r": 0.98225057125091553,
					"g": 0.95597332715988159,
					"b": 0.96468621492385864,
					"a": 1
				},
				"brightness": 0.92952114343643188,
				"rotation": 0,
				"vascularity": 0.73204785585403442,
				"veinsRotation": 0
			}
		},
		"rightEye":
		{
			"iris":
			{
				"option": "005",
				"color1UI":
				{
					"x": 0.15000000596046448,
					"y": 0.38999998569488525
				},
				"color1":
				{
					"r": 0.0423114113509655,
					"g": 0.054480277001857758,
					"b": 0.078187420964241028,
					"a": 1
				},
				"color2UI":
				{
					"x": 0.14000000059604645,
					"y": 0.79000002145767212
				},
				"color2":
				{
					"r": 0.10461648553609848,
					"g": 0.11953842639923096,
					"b": 0.14995978772640228,
					"a": 1
				},
				"bUseRadialBlend": true,
				"colorBalance": 1,
				"colorBalanceSmoothness": 0.10999999940395355,
				"size": 0.5,
				"saturation": 0.20999999344348907,
				"limbusDarkAmount": 0.05000000074505806
			},
			"sclera":
			{
				"tintUI":
				{
					"x": 0.19910170137882233,
					"y": 0.49166646599769592
				},
				"tint":
				{
					"r": 0.98225057125091553,
					"g": 0.95597332715988159,
					"b": 0.96468621492385864,
					"a": 1
				},
				"brightness": 0.92952114343643188,
				"rotation": 0,
				"vascularity": 0.73204785585403442,
				"veinsRotation": 0
			}
		},
		"teeth":
		{
			"teethColorUI":
			{
				"x": 0.34999999403953552,
				"y": 0.34999999403953552
			},
			"teethColor":
			{
				"r": 0.67954248189926147,
				"g": 0.52099555730819702,
				"b": 0.33716362714767456,
				"a": 1
			},
			"gumColorUI":
			{
				"x": 0.34999999403953552,
				"y": 0.34999999403953552
			},
			"gumColor":
			{
				"r": 0.39157247543334961,
				"g": 0.078187420964241028,
				"b": 0.064803265035152435,
				"a": 1
			},
			"plaqueColorUI":
			{
				"x": 0.34999999403953552,
				"y": 0.34999999403953552
			},
			"plaqueColor":
			{
				"r": 0.60382735729217529,
				"g": 0.41788506507873535,
				"b": 0.11443537473678589,
				"a": 1
			},
			"plaqueAmount": 0.11999999731779099
		},
		"makeup":
		{
			"foundation":
			{
				"bApplyFoundation": false,
				"color":
				{
					"r": 0.65837502479553223,
					"g": 0.31854701042175293,
					"b": 0.21952599287033081,
					"a": 1
				},
				"intensity": 0.5,
				"roughness": 0.25,
				"concealer": 0
			},
			"eyes":
			{
				"option": "SoftSmokey",
				"primaryColor":
				{
					"r": 0.053804226219654083,
					"g": 0,
					"b": 0,
					"a": 0
				},
				"secondaryColor":
				{
					"r": 0,
					"g": 0,
					"b": 0,
					"a": 1
				},
				"roughness": 0.5,
				"transparency": 0.99992167949676514,
				"metalness": 0
			},
			"blusher":
			{
				"option": "None",
				"color":
				{
					"r": 0.34509798884391785,
					"g": 0,
					"b": 0,
					"a": 1
				},
				"intensity": 0.40000000596046448,
				"roughness": 0.25
			},
			"lips":
			{
				"option": "Cupid",
				"color":
				{
					"r": 1,
					"g": 0.12432515621185303,
					"b": 0.16926443576812744,
					"a": 0
				},
				"roughness": 0.44287565350532532,
				"transparency": 0.92039644718170166
			}
		}
	},
	"textureSynthesis":
	{
		"bSkinUnlocked": true,
		"lowFrequency": 0.019946807995438576,
		"highFrequency": 0.87765955924987793,
		"contrast": 0.38308504223823547,
		"skinToneUI":
		{
			"x": 0.16488994657993317,
			"y": 0.69658607244491577
		},
		"skinTone":
		{
			"r": 0.66538727283477783,
			"g": 0.31854677200317383,
			"b": 0.21952620148658752,
			"a": 1
		}
	},
	"grooms":
	{
		"hair":
		{
			"option": "SideSweptFringe",
			"length": 1,
			"bUseCustomProperties": true,
			"melaninAndRedness":
			{
				"x": 0.34730528143351663,
				"y": 0
			},
			"roughness": 0.33674904704093933,
			"whiteness": 0.91332918405532837,
			"lightness": 0.28817269206047058,
			"presetOption": "None",
			"bUseDyeColor": false,
			"dyeColor":
			{
				"r": 0.32156899571418762,
				"g": 0,
				"b": 0.69019597768783569,
				"a": 1
			},
			"bUseRegions": false,
			"regionsUV":
			{
				"x": 0.28189998865127563,
				"y": 0.25
			},
			"bUseRegionsColor": false,
			"regionsColor":
			{
				"r": 1,
				"g": 1,
				"b": 1,
				"a": 1
			},
			"regionsPresetOption": "None",
			"bUseOmbre": false,
			"ombreUV":
			{
				"x": 0.28189998865127563,
				"y": 0.25
			},
			"bUseOmbreColor": false,
			"ombreColor":
			{
				"r": 1,
				"g": 1,
				"b": 1,
				"a": 1
			},
			"ombreShift": 0.5,
			"ombreContrast": 0,
			"ombreIntensity": 1,
			"ombrePresetOption": "None",
			"bUseHighlights": false,
			"highlightsUV":
			{
				"x": 0.28189998865127563,
				"y": 0.25
			},
			"bUseHighlightsColor": false,
			"highlightsColor":
			{
				"r": 1,
				"g": 1,
				"b": 1,
				"a": 1
			},
			"highlightsBlending": 0.5,
			"highlightsIntensity": 0.5,
			"highlightsVariation": 0,
			"highlightsPresetOption": "None",
			"eyebrowsShading": 1,
			"eyebrowsMicroblading": 1,
			"bUseMaskModulation": false,
			"maskModulationOption": "None"
		},
		"eyebrows":
		{
			"option": "MediumThickEyebrows",
			"length": 1,
			"bUseCustomProperties": false,
			"melaninAndRedness":
			{
				"x": 0.4347471296787262,
				"y": 0
			},
			"roughness": 0.25,
			"whiteness": 0,
			"lightness": 0.5,
			"presetOption": "None",
			"bUseDyeColor": false,
			"dyeColor":
			{
				"r": 0.32156899571418762,
				"g": 0,
				"b": 0.69019597768783569,
				"a": 1
			},
			"bUseRegions": false,
			"regionsUV":
			{
				"x": 0.28189998865127563,
				"y": 0.25
			},
			"bUseRegionsColor": false,
			"regionsColor":
			{
				"r": 1,
				"g": 1,
				"b": 1,
				"a": 1
			},
			"regionsPresetOption": "None",
			"bUseOmbre": false,
			"ombreUV":
			{
				"x": 0.28189998865127563,
				"y": 0.25
			},
			"bUseOmbreColor": false,
			"ombreColor":
			{
				"r": 1,
				"g": 1,
				"b": 1,
				"a": 1
			},
			"ombreShift": 0.5,
			"ombreContrast": 0,
			"ombreIntensity": 1,
			"ombrePresetOption": "None",
			"bUseHighlights": false,
			"highlightsUV":
			{
				"x": 0.28189998865127563,
				"y": 0.25
			},
			"bUseHighlightsColor": false,
			"highlightsColor":
			{
				"r": 1,
				"g": 1,
				"b": 1,
				"a": 1
			},
			"highlightsBlending": 0.5,
			"highlightsIntensity": 0.5,
			"highlightsVariation": 0,
			"highlightsPresetOption": "None",
			"eyebrowsShading": 1,
			"eyebrowsMicroblading": 1,
			"bUseMaskModulation": false,